text,category
The retailer secured a multi-million dollar investment as inflation concerns grow. The startup also secured a multi-million dollar investment as inflation concerns grow.,Business
The streaming service postponed the premiere indefinitely marking a major career milestone. The music festival also confirmed a surprise reunion tour following a lengthy production delay.,Entertainment
The basketball coach signed a record-breaking contract setting up a thrilling rematch. The Olympic committee also suffered a shock defeat following months of intense training.,Sports
The CEO filed for bankruptcy protection citing supply chain disruptions. The startup also reported record quarterly profits in a move welcomed by analysts.,Business
The Hollywood studio postponed the premiere indefinitely amid rumors of a spinoff series. The streaming service also released a highly anticipated album ahead of the holiday season.,Entertainment
The stock market announced a merger deal amid rising interest rates. Shareholders also signed a major trade agreement following a volatile trading week.,Business
The finance minister approved a controversial spending plan in a closely watched parliamentary session. The election commission also launched an investigation into corruption allegations in a closely watched parliamentary session.,Politics
The cricket board won the season opener in overtime in what was called a historic night. The star striker also suffered a shock defeat sparking celebrations among fans.,Sports
The startup signed a major trade agreement in a move welcomed by analysts. The company also announced a merger deal boosting investor confidence.,Business
Engineers announced layoffs in its engineering division drawing criticism from privacy advocates. The tech giant also rolled out a major app update as demand for cloud services grows.,Technology
The tennis champion clinched the championship title ahead of next season. The marathon runner also clinched the championship title setting up a thrilling rematch.,Sports
The chipmaker acquired a promising startup after months of testing. Engineers also announced layoffs in its engineering division raising questions about AI safety.,Technology
The company launched an initial public offering after a period of slow growth. The stock market also secured a multi-million dollar investment after a period of slow growth.,Business
Researchers warned users about a large-scale data breach at a highly anticipated product event. Engineers also rolled out a major app update in a bid to compete with rivals.,Technology
The streaming service postponed the premiere indefinitely amid rumors of a spinoff series. The film director also revealed the cast for the upcoming sequel to the delight of fans worldwide.,Entertainment
The retailer signed a major trade agreement citing supply chain disruptions. The retailer also filed for bankruptcy protection as consumer demand shifts.,Business
The cybersecurity firm rolled out a major app update with faster processing speeds. The smartphone maker also warned users about a large-scale data breach after months of testing.,Technology
Researchers faced backlash over a data privacy issue boosting the company's market share. The AI lab also unveiled a new artificial intelligence model in a bid to compete with rivals.,Technology
The company filed for bankruptcy protection after a period of slow growth. The retailer also filed for bankruptcy protection citing supply chain disruptions.,Business
The airline reported record quarterly profits boosting investor confidence. Shareholders also secured a multi-million dollar investment boosting investor confidence.,Business
The film director announced a new blockbuster film sparking a wave of social media reactions. The film director also won the top award of the night drawing mixed reviews from critics.,Entertainment
The company signed a major trade agreement as consumer demand shifts. The CEO also reported record quarterly profits citing supply chain disruptions.,Business
The national squad qualified for the world finals sparking celebrations among fans. The cricket board also clinched the championship title following months of intense training.,Sports
Researchers developed a breakthrough battery technology aimed at improving user privacy. Researchers also rolled out a major app update at a highly anticipated product event.,Technology
Engineers rolled out a major app update raising questions about AI safety. The smartphone maker also released an open-source software update after months of testing.,Technology
The cricket board signed a record-breaking contract in a stunning comeback performance. The tennis champion also signed a record-breaking contract ahead of next season.,Sports
The pop star faced backlash over a controversial scene in a star-studded ceremony. The comedian also signed a lucrative streaming deal in its opening weekend.,Entertainment
The manufacturer filed for bankruptcy protection as consumer demand shifts. The retailer also cut jobs amid falling revenue as inflation concerns grow.,Business
The star striker broke a long-standing world record ahead of next season. The cricket board also signed a record-breaking contract despite a string of injuries.,Sports
The smartphone maker acquired a promising startup aimed at improving user privacy. The software company also warned users about a large-scale data breach raising questions about AI safety.,Technology
The film director signed a lucrative streaming deal following a lengthy production delay. The pop star also confirmed a surprise reunion tour drawing mixed reviews from critics.,Entertainment
Investors posted a sharp decline in earnings amid rising interest rates. The retailer also unveiled a new expansion plan following a volatile trading week.,Business
The bank reported record quarterly profits as inflation concerns grow. The stock market also posted a sharp decline in earnings amid rising interest rates.,Business
Lawmakers called for early elections following months of political deadlock. The governor also called for early elections in a closely watched parliamentary session.,Politics
The parliament criticized the budget proposal sparking protests across the country. Lawmakers also faced a vote of no confidence in a widely televised address.,Politics
The airline signed a major trade agreement after a period of slow growth. The stock market also secured a multi-million dollar investment ahead of the fiscal year-end report.,Business
The president unveiled a new immigration policy in a widely televised address. The election commission also faced a vote of no confidence drawing criticism from opposition leaders.,Politics
The retailer reported record quarterly profits citing supply chain disruptions. The manufacturer also posted a sharp decline in earnings following a volatile trading week.,Business
The music festival announced a new blockbuster film following a lengthy production delay. The television network also won the top award of the night sparking a wave of social media reactions.,Entertainment
The actor postponed the premiere indefinitely after months of speculation. The award show also signed a lucrative streaming deal after months of speculation.,Entertainment
The opposition party unveiled a new immigration policy drawing criticism from opposition leaders. The election commission also faced a vote of no confidence in an effort to restore public trust.,Politics
Researchers rolled out a major app update in a bid to compete with rivals. Engineers also developed a breakthrough battery technology drawing criticism from privacy advocates.,Technology
The television network revealed the cast for the upcoming sequel drawing mixed reviews from critics. The celebrity couple also released a highly anticipated album sparking a wave of social media reactions.,Entertainment
The manufacturer posted a sharp decline in earnings ahead of the fiscal year-end report. The bank also secured a multi-million dollar investment despite ongoing economic uncertainty.,Business
The Olympic committee broke a long-standing world record sparking celebrations among fans. The national squad also faced a doping investigation in what was called a historic night.,Sports
The tech giant announced layoffs in its engineering division raising questions about AI safety. Researchers also acquired a promising startup raising questions about AI safety.,Technology
The senate faced a vote of no confidence ahead of the upcoming election. The governor also announced a new foreign policy initiative ahead of the upcoming election.,Politics
The AI lab rolled out a major app update at a highly anticipated product event. The smartphone maker also faced backlash over a data privacy issue after months of testing.,Technology
Investors posted a sharp decline in earnings following a volatile trading week. The bank also unveiled a new expansion plan despite ongoing economic uncertainty.,Business
The football team clinched the championship title ahead of next season. The marathon runner also suffered a shock defeat after a dramatic penalty shootout.,Sports
The star striker suffered a shock defeat in the final minutes of the game. The basketball coach also signed a record-breaking contract ahead of next season.,Sports
The film director revealed the cast for the upcoming sequel sparking a wave of social media reactions. The actor also topped the music charts in its opening weekend.,Entertainment
The senate unveiled a new immigration policy after weeks of negotiations. The president also launched an investigation into corruption allegations in an effort to restore public trust.,Politics
The national squad faced a doping investigation following months of intense training. The boxing federation also suffered a shock defeat ahead of next season.,Sports
The Hollywood studio postponed the premiere indefinitely after months of speculation. The film director also signed a lucrative streaming deal marking a major career milestone.,Entertainment
The mayor held emergency talks with allies ahead of the upcoming election. The finance minister also announced a new foreign policy initiative in an effort to restore public trust.,Politics
The airline announced a merger deal ahead of the fiscal year-end report. The manufacturer also signed a major trade agreement after a period of slow growth.,Business
The election commission unveiled a new immigration policy ahead of the upcoming election. The mayor also faced a vote of no confidence following months of political deadlock.,Politics
The company launched an initial public offering after a period of slow growth. Shareholders also filed for bankruptcy protection amid rising interest rates.,Business
The television network broke box office records amid rumors of a spinoff series. The award show also announced a new blockbuster film ahead of the holiday season.,Entertainment
The cricket board signed a record-breaking contract in the final minutes of the game. The football team also postponed the match due to weather in the final minutes of the game.,Sports
The marathon runner won the season opener in overtime after a dramatic penalty shootout. The tennis champion also broke a long-standing world record setting up a thrilling rematch.,Sports
The Olympic committee announced the retirement of a star player following months of intense training. The hockey league also broke a long-standing world record in the final minutes of the game.,Sports
The actor topped the music charts ahead of the holiday season. The streaming service also revealed the cast for the upcoming sequel marking a major career milestone.,Entertainment
The retailer reported record quarterly profits following a volatile trading week. The company also raised prices on key products following a volatile trading week.,Business
The actor announced a new blockbuster film marking a major career milestone. The award show also revealed the cast for the upcoming sequel ahead of the holiday season.,Entertainment
The president criticized the budget proposal in a widely televised address. The senate also proposed sweeping tax reforms in a closely watched parliamentary session.,Politics
Researchers rolled out a major app update as demand for cloud services grows. The smartphone maker also faced backlash over a data privacy issue aimed at improving user privacy.,Technology
The boxing federation faced a doping investigation setting up a thrilling rematch. The basketball coach also won the season opener in overtime setting up a thrilling rematch.,Sports
The prime minister called for early elections in a widely televised address. The prime minister also announced a new foreign policy initiative following months of political deadlock.,Politics
The cybersecurity firm unveiled a new artificial intelligence model after months of testing. The tech giant also faced backlash over a data privacy issue raising questions about AI safety.,Technology
The manufacturer raised prices on key products in a move welcomed by analysts. The airline also unveiled a new expansion plan ahead of the fiscal year-end report.,Business
The software company unveiled a new artificial intelligence model aimed at improving user privacy. Engineers also developed a breakthrough battery technology raising questions about AI safety.,Technology
The celebrity couple confirmed a surprise reunion tour sparking a wave of social media reactions. The film director also postponed the premiere indefinitely after months of speculation.,Entertainment
The prime minister launched an investigation into corruption allegations sparking protests across the country. The parliament also called for early elections in a widely televised address.,Politics
The boxing federation postponed the match due to weather despite a string of injuries. The Olympic committee also won the season opener in overtime in the final minutes of the game.,Sports
The award show postponed the premiere indefinitely sparking a wave of social media reactions. The award show also topped the music charts in a star-studded ceremony.,Entertainment
Lawmakers called for early elections ahead of the upcoming election. The governor also launched an investigation into corruption allegations as tensions rise over the reforms.,Politics
The celebrity couple revealed the cast for the upcoming sequel sparking a wave of social media reactions. The television network also signed a lucrative streaming deal amid rumors of a spinoff series.,Entertainment
The stock market posted a sharp decline in earnings boosting investor confidence. The manufacturer also signed a major trade agreement as consumer demand shifts.,Business
The parliament launched an investigation into corruption allegations in a closely watched parliamentary session. The opposition party also launched an investigation into corruption allegations in an effort to restore public trust.,Politics
The CEO raised prices on key products despite ongoing economic uncertainty. The startup also signed a major trade agreement boosting investor confidence.,Business
The election commission held emergency talks with allies in a widely televised address. The president also proposed sweeping tax reforms in a widely televised address.,Politics
The stock market launched an initial public offering citing supply chain disruptions. The manufacturer also launched an initial public offering citing supply chain disruptions.,Business
The celebrity couple topped the music charts sparking a wave of social media reactions. The award show also released a highly anticipated album following a lengthy production delay.,Entertainment
The senate criticized the budget proposal amid growing public pressure. The governor also launched an investigation into corruption allegations after weeks of negotiations.,Politics
Researchers developed a breakthrough battery technology aimed at improving user privacy. The AI lab also acquired a promising startup boosting the company's market share.,Technology
The television network postponed the premiere indefinitely drawing mixed reviews from critics. The film director also topped the music charts in a star-studded ceremony.,Entertainment
The comedian faced backlash over a controversial scene marking a major career milestone. The actor also postponed the premiere indefinitely marking a major career milestone.,Entertainment
The basketball coach qualified for the world finals in the final minutes of the game. The Olympic committee also qualified for the world finals despite a string of injuries.,Sports
The cricket board suffered a shock defeat despite a string of injuries. The tennis champion also signed a record-breaking contract in a stunning comeback performance.,Sports
The retailer raised prices on key products ahead of the fiscal year-end report. The bank also signed a major trade agreement despite ongoing economic uncertainty.,Business
The prime minister proposed sweeping tax reforms ahead of the upcoming election. The president also signed a new bill into law after weeks of negotiations.,Politics
The finance minister unveiled a new immigration policy in a closely watched parliamentary session. The senate also unveiled a new immigration policy sparking protests across the country.,Politics
The company announced a merger deal amid rising interest rates. The startup also secured a multi-million dollar investment boosting investor confidence.,Business
The governor faced a vote of no confidence amid growing public pressure. The mayor also announced a new foreign policy initiative in a closely watched parliamentary session.,Politics
The film director won the top award of the night in its opening weekend. The celebrity couple also revealed the cast for the upcoming sequel marking a major career milestone.,Entertainment
The basketball coach postponed the match due to weather in front of a sold-out crowd. The hockey league also qualified for the world finals despite a string of injuries.,Sports
The parliament announced a new foreign policy initiative drawing criticism from opposition leaders. Lawmakers also proposed sweeping tax reforms amid growing public pressure.,Politics
The finance minister held emergency talks with allies in a closely watched parliamentary session. The mayor also called for early elections in a widely televised address.,Politics
The cybersecurity firm announced layoffs in its engineering division as demand for cloud services grows. The social media platform also rolled out a major app update boosting the company's market share.,Technology
The company launched an initial public offering in a move welcomed by analysts. Shareholders also cut jobs amid falling revenue in a move welcomed by analysts.,Business
The film director announced a new blockbuster film after months of speculation. The Hollywood studio also signed a lucrative streaming deal in its opening weekend.,Entertainment
The senate announced a new foreign policy initiative following months of political deadlock. The president also faced a vote of no confidence in a widely televised address.,Politics
The mayor criticized the budget proposal as tensions rise over the reforms. Lawmakers also proposed sweeping tax reforms amid growing public pressure.,Politics
The marathon runner appointed a new head coach setting up a thrilling rematch. The star striker also suffered a shock defeat after a dramatic penalty shootout.,Sports
Researchers rolled out a major app update drawing criticism from privacy advocates. The social media platform also launched the latest smartphone aimed at improving user privacy.,Technology
Lawmakers criticized the budget proposal amid growing public pressure. The president also proposed sweeping tax reforms in a widely televised address.,Politics
The CEO raised prices on key products ahead of the fiscal year-end report. The airline also signed a major trade agreement as consumer demand shifts.,Business
The startup founder unveiled a new artificial intelligence model as demand for cloud services grows. The chipmaker also released an open-source software update as demand for cloud services grows.,Technology
The stock market filed for bankruptcy protection amid rising interest rates. Shareholders also posted a sharp decline in earnings despite ongoing economic uncertainty.,Business
The bank launched an initial public offering as inflation concerns grow. The stock market also raised prices on key products following a volatile trading week.,Business
The Olympic committee announced the retirement of a star player despite a string of injuries. The national squad also won the season opener in overtime ahead of next season.,Sports
The award show announced a new blockbuster film drawing mixed reviews from critics. The streaming service also topped the music charts following a lengthy production delay.,Entertainment
The television network postponed the premiere indefinitely amid rumors of a spinoff series. The Hollywood studio also revealed the cast for the upcoming sequel marking a major career milestone.,Entertainment
The CEO launched an initial public offering as consumer demand shifts. The stock market also reported record quarterly profits following a volatile trading week.,Business
The mayor proposed sweeping tax reforms amid growing public pressure. The governor also signed a new bill into law as tensions rise over the reforms.,Politics
The president criticized the budget proposal drawing criticism from opposition leaders. The opposition party also announced a new foreign policy initiative in an effort to restore public trust.,Politics
The startup launched an initial public offering despite ongoing economic uncertainty. The company also signed a major trade agreement citing supply chain disruptions.,Business
The boxing federation postponed the match due to weather in the final minutes of the game. The star striker also won the season opener in overtime setting up a thrilling rematch.,Sports
Investors reported record quarterly profits boosting investor confidence. The stock market also raised prices on key products boosting investor confidence.,Business
Shareholders launched an initial public offering in a move welcomed by analysts. The airline also unveiled a new expansion plan boosting investor confidence.,Business
The retailer cut jobs amid falling revenue as inflation concerns grow. The company also raised prices on key products ahead of the fiscal year-end report.,Business
The television network topped the music charts to the delight of fans worldwide. The award show also released a highly anticipated album to the delight of fans worldwide.,Entertainment
The president called for early elections amid growing public pressure. The president also called for early elections as tensions rise over the reforms.,Politics
The pop star released a highly anticipated album sparking a wave of social media reactions. The streaming service also signed a lucrative streaming deal amid rumors of a spinoff series.,Entertainment
The national squad broke a long-standing world record in a stunning comeback performance. The cricket board also signed a record-breaking contract after a dramatic penalty shootout.,Sports
The governor proposed sweeping tax reforms in an effort to restore public trust. The president also announced a new foreign policy initiative in an effort to restore public trust.,Politics
The football team clinched the championship title sparking celebrations among fans. The basketball coach also signed a record-breaking contract setting up a thrilling rematch.,Sports
The streaming service released a highly anticipated album amid rumors of a spinoff series. The music festival also broke box office records in its opening weekend.,Entertainment
The parliament announced a new foreign policy initiative sparking protests across the country. The president also criticized the budget proposal in a widely televised address.,Politics
The software company unveiled a new artificial intelligence model after months of testing. The tech giant also developed a breakthrough battery technology drawing criticism from privacy advocates.,Technology
The opposition party held emergency talks with allies as tensions rise over the reforms. The parliament also signed a new bill into law in a widely televised address.,Politics
The smartphone maker unveiled a new artificial intelligence model at a highly anticipated product event. The AI lab also unveiled a new artificial intelligence model at a highly anticipated product event.,Technology
The actor signed a lucrative streaming deal marking a major career milestone. The award show also revealed the cast for the upcoming sequel in its opening weekend.,Entertainment
The CEO launched an initial public offering following a volatile trading week. The company also launched an initial public offering as inflation concerns grow.,Business
The comedian won the top award of the night marking a major career milestone. The pop star also faced backlash over a controversial scene marking a major career milestone.,Entertainment
The marathon runner won the season opener in overtime ahead of next season. The national squad also postponed the match due to weather in front of a sold-out crowd.,Sports
The streaming service revealed the cast for the upcoming sequel amid rumors of a spinoff series. The comedian also released a highly anticipated album in its opening weekend.,Entertainment
The Olympic committee postponed the match due to weather in what was called a historic night. The tennis champion also signed a record-breaking contract in front of a sold-out crowd.,Sports
The social media platform rolled out a major app update as demand for cloud services grows. The social media platform also acquired a promising startup boosting the company's market share.,Technology
The football team suffered a shock defeat ahead of next season. The marathon runner also faced a doping investigation despite a string of injuries.,Sports
The social media platform patched a critical security vulnerability raising questions about AI safety. The AI lab also developed a breakthrough battery technology boosting the company's market share.,Technology
The marathon runner broke a long-standing world record after a dramatic penalty shootout. The star striker also suffered a shock defeat in a stunning comeback performance.,Sports
The celebrity couple announced a new blockbuster film to the delight of fans worldwide. The comedian also revealed the cast for the upcoming sequel in its opening weekend.,Entertainment
The opposition party criticized the budget proposal ahead of the upcoming election. The prime minister also held emergency talks with allies following months of political deadlock.,Politics
The tennis champion broke a long-standing world record in what was called a historic night. The tennis champion also qualified for the world finals setting up a thrilling rematch.,Sports
The music festival confirmed a surprise reunion tour sparking a wave of social media reactions. The comedian also broke box office records in a star-studded ceremony.,Entertainment
The basketball coach faced a doping investigation setting up a thrilling rematch. The cricket board also postponed the match due to weather ahead of next season.,Sports
The retailer announced a merger deal as consumer demand shifts. The bank also filed for bankruptcy protection citing supply chain disruptions.,Business
The parliament approved a controversial spending plan as tensions rise over the reforms. The president also signed a new bill into law following months of political deadlock.,Politics
The football team appointed a new head coach despite a string of injuries. The star striker also clinched the championship title in a stunning comeback performance.,Sports
The cricket board appointed a new head coach sparking celebrations among fans. The football team also faced a doping investigation ahead of next season.,Sports
The prime minister announced a new foreign policy initiative in a widely televised address. The mayor also faced a vote of no confidence ahead of the upcoming election.,Politics
The cybersecurity firm faced backlash over a data privacy issue drawing criticism from privacy advocates. The tech giant also launched the latest smartphone at a highly anticipated product event.,Technology
The prime minister signed a new bill into law following months of political deadlock. The governor also launched an investigation into corruption allegations in a widely televised address.,Politics
The finance minister signed a new bill into law sparking protests across the country. The senate also launched an investigation into corruption allegations amid growing public pressure.,Politics
The film director broke box office records in its opening weekend. The music festival also signed a lucrative streaming deal sparking a wave of social media reactions.,Entertainment
The mayor launched an investigation into corruption allegations following months of political deadlock. The senate also called for early elections in an effort to restore public trust.,Politics
The CEO posted a sharp decline in earnings boosting investor confidence. The manufacturer also posted a sharp decline in earnings boosting investor confidence.,Business
The smartphone maker announced layoffs in its engineering division aimed at improving user privacy. The chipmaker also released an open-source software update boosting the company's market share.,Technology
Engineers warned users about a large-scale data breach raising questions about AI safety. The startup founder also launched the latest smartphone raising questions about AI safety.,Technology
The startup filed for bankruptcy protection despite ongoing economic uncertainty. The bank also signed a major trade agreement despite ongoing economic uncertainty.,Business
The prime minister approved a controversial spending plan in a widely televised address. The senate also proposed sweeping tax reforms in an effort to restore public trust.,Politics
The opposition party called for early elections as tensions rise over the reforms. The president also launched an investigation into corruption allegations in a widely televised address.,Politics
The social media platform patched a critical security vulnerability after months of testing. The cybersecurity firm also rolled out a major app update at a highly anticipated product event.,Technology
The bank reported record quarterly profits ahead of the fiscal year-end report. The stock market also announced a merger deal as consumer demand shifts.,Business
The company secured a multi-million dollar investment citing supply chain disruptions. The manufacturer also cut jobs amid falling revenue ahead of the fiscal year-end report.,Business
The governor criticized the budget proposal sparking protests across the country. The opposition party also called for early elections drawing criticism from opposition leaders.,Politics
The prime minister proposed sweeping tax reforms ahead of the upcoming election. Lawmakers also approved a controversial spending plan in an effort to restore public trust.,Politics
The manufacturer launched an initial public offering citing supply chain disruptions. The company also announced a merger deal in a move welcomed by analysts.,Business
The president signed a new bill into law in an effort to restore public trust. Lawmakers also proposed sweeping tax reforms in a widely televised address.,Politics
The national squad faced a doping investigation in the final minutes of the game. The football team also won the season opener in overtime after a dramatic penalty shootout.,Sports
The manufacturer announced a merger deal citing supply chain disruptions. The airline also unveiled a new expansion plan following a volatile trading week.,Business
The prime minister launched an investigation into corruption allegations in an effort to restore public trust. The president also criticized the budget proposal after weeks of negotiations.,Politics
The social media platform warned users about a large-scale data breach in a bid to compete with rivals. The software company also patched a critical security vulnerability raising questions about AI safety.,Technology
Researchers announced layoffs in its engineering division with faster processing speeds. The chipmaker also launched the latest smartphone in a bid to compete with rivals.,Technology
The smartphone maker patched a critical security vulnerability after months of testing. The tech giant also unveiled a new artificial intelligence model drawing criticism from privacy advocates.,Technology
The hockey league faced a doping investigation setting up a thrilling rematch. The Olympic committee also faced a doping investigation after a dramatic penalty shootout.,Sports
The tennis champion suffered a shock defeat after a dramatic penalty shootout. The tennis champion also faced a doping investigation after a dramatic penalty shootout.,Sports
The president proposed sweeping tax reforms drawing criticism from opposition leaders. The prime minister also signed a new bill into law after weeks of negotiations.,Politics
The tennis champion postponed the match due to weather in front of a sold-out crowd. The star striker also broke a long-standing world record setting up a thrilling rematch.,Sports
The actor topped the music charts ahead of the holiday season. The comedian also broke box office records to the delight of fans worldwide.,Entertainment
The hockey league broke a long-standing world record setting up a thrilling rematch. The marathon runner also won the season opener in overtime in front of a sold-out crowd.,Sports
The senate launched an investigation into corruption allegations amid growing public pressure. The parliament also criticized the budget proposal in an effort to restore public trust.,Politics
The cricket board postponed the match due to weather in front of a sold-out crowd. The cricket board also suffered a shock defeat sparking celebrations among fans.,Sports
The actor confirmed a surprise reunion tour in a star-studded ceremony. The film director also announced a new blockbuster film in a star-studded ceremony.,Entertainment
The boxing federation clinched the championship title in front of a sold-out crowd. The basketball coach also qualified for the world finals in a stunning comeback performance.,Sports
The stock market raised prices on key products in a move welcomed by analysts. The manufacturer also unveiled a new expansion plan ahead of the fiscal year-end report.,Business
The boxing federation broke a long-standing world record after a dramatic penalty shootout. The marathon runner also suffered a shock defeat in the final minutes of the game.,Sports
The streaming service revealed the cast for the upcoming sequel following a lengthy production delay. The music festival also postponed the premiere indefinitely after months of speculation.,Entertainment
The Olympic committee signed a record-breaking contract after a dramatic penalty shootout. The national squad also suffered a shock defeat in the final minutes of the game.,Sports
The film director signed a lucrative streaming deal after months of speculation. The celebrity couple also broke box office records amid rumors of a spinoff series.,Entertainment
The music festival faced backlash over a controversial scene drawing mixed reviews from critics. The celebrity couple also topped the music charts ahead of the holiday season.,Entertainment
The celebrity couple announced a new blockbuster film after months of speculation. The pop star also postponed the premiere indefinitely following a lengthy production delay.,Entertainment
The cricket board signed a record-breaking contract sparking celebrations among fans. The national squad also broke a long-standing world record setting up a thrilling rematch.,Sports
The pop star faced backlash over a controversial scene to the delight of fans worldwide. The streaming service also broke box office records in a star-studded ceremony.,Entertainment
The finance minister held emergency talks with allies after weeks of negotiations. The governor also faced a vote of no confidence as tensions rise over the reforms.,Politics
The social media platform released an open-source software update drawing criticism from privacy advocates. Researchers also rolled out a major app update after months of testing.,Technology
The AI lab developed a breakthrough battery technology in a bid to compete with rivals. The AI lab also launched the latest smartphone as demand for cloud services grows.,Technology
The election commission announced a new foreign policy initiative ahead of the upcoming election. The president also called for early elections after weeks of negotiations.,Politics
The prime minister signed a new bill into law drawing criticism from opposition leaders. The president also criticized the budget proposal drawing criticism from opposition leaders.,Politics
The basketball coach suffered a shock defeat in the final minutes of the game. The basketball coach also postponed the match due to weather in a stunning comeback performance.,Sports
Engineers rolled out a major app update aimed at improving user privacy. The chipmaker also announced layoffs in its engineering division raising questions about AI safety.,Technology
The mayor signed a new bill into law sparking protests across the country. The election commission also held emergency talks with allies as tensions rise over the reforms.,Politics
The celebrity couple faced backlash over a controversial scene to the delight of fans worldwide. The television network also broke box office records following a lengthy production delay.,Entertainment
The CEO cut jobs amid falling revenue after a period of slow growth. The bank also raised prices on key products as inflation concerns grow.,Business
The senate signed a new bill into law after weeks of negotiations. The president also approved a controversial spending plan amid growing public pressure.,Politics
The Olympic committee suffered a shock defeat following months of intense training. The national squad also postponed the match due to weather setting up a thrilling rematch.,Sports
The music festival postponed the premiere indefinitely sparking a wave of social media reactions. The Hollywood studio also broke box office records in a star-studded ceremony.,Entertainment
The president faced a vote of no confidence sparking protests across the country. The opposition party also called for early elections in an effort to restore public trust.,Politics
The airline unveiled a new expansion plan following a volatile trading week. The retailer also posted a sharp decline in earnings after a period of slow growth.,Business
The parliament launched an investigation into corruption allegations in an effort to restore public trust. The election commission also faced a vote of no confidence in an effort to restore public trust.,Politics
The bank signed a major trade agreement despite ongoing economic uncertainty. The CEO also filed for bankruptcy protection as consumer demand shifts.,Business
Researchers acquired a promising startup that could reshape the industry. The AI lab also warned users about a large-scale data breach in a bid to compete with rivals.,Technology
The retailer raised prices on key products after a period of slow growth. The stock market also filed for bankruptcy protection amid rising interest rates.,Business
The cybersecurity firm faced backlash over a data privacy issue that could reshape the industry. The software company also unveiled a new artificial intelligence model as demand for cloud services grows.,Technology
The opposition party approved a controversial spending plan ahead of the upcoming election. The mayor also signed a new bill into law in a widely televised address.,Politics
The award show announced a new blockbuster film drawing mixed reviews from critics. The celebrity couple also signed a lucrative streaming deal after months of speculation.,Entertainment
The Hollywood studio revealed the cast for the upcoming sequel marking a major career milestone. The celebrity couple also signed a lucrative streaming deal following a lengthy production delay.,Entertainment
The parliament announced a new foreign policy initiative following months of political deadlock. The election commission also signed a new bill into law in a widely televised address.,Politics
The Olympic committee won the season opener in overtime in front of a sold-out crowd. The star striker also broke a long-standing world record in a stunning comeback performance.,Sports
The opposition party held emergency talks with allies sparking protests across the country. The parliament also faced a vote of no confidence following months of political deadlock.,Politics
The cricket board announced the retirement of a star player in a stunning comeback performance. The boxing federation also qualified for the world finals following months of intense training.,Sports
The cricket board broke a long-standing world record in what was called a historic night. The Olympic committee also announced the retirement of a star player in the final minutes of the game.,Sports
The comedian won the top award of the night drawing mixed reviews from critics. The streaming service also broke box office records marking a major career milestone.,Entertainment
The comedian signed a lucrative streaming deal after months of speculation. The actor also topped the music charts sparking a wave of social media reactions.,Entertainment
The software company unveiled a new artificial intelligence model as demand for cloud services grows. The AI lab also patched a critical security vulnerability boosting the company's market share.,Technology
The mayor announced a new foreign policy initiative following months of political deadlock. The election commission also held emergency talks with allies in a widely televised address.,Politics
The actor confirmed a surprise reunion tour in its opening weekend. The Hollywood studio also topped the music charts marking a major career milestone.,Entertainment
The pop star broke box office records in a star-studded ceremony. The streaming service also released a highly anticipated album to the delight of fans worldwide.,Entertainment
The streaming service topped the music charts in a star-studded ceremony. The actor also released a highly anticipated album marking a major career milestone.,Entertainment
The actor signed a lucrative streaming deal drawing mixed reviews from critics. The pop star also confirmed a surprise reunion tour in a star-studded ceremony.,Entertainment
The governor unveiled a new immigration policy after weeks of negotiations. Lawmakers also called for early elections after weeks of negotiations.,Politics
Lawmakers called for early elections after weeks of negotiations. The governor also held emergency talks with allies following months of political deadlock.,Politics
The national squad appointed a new head coach in front of a sold-out crowd. The hockey league also faced a doping investigation after a dramatic penalty shootout.,Sports
The star striker signed a record-breaking contract despite a string of injuries. The football team also signed a record-breaking contract in the final minutes of the game.,Sports
The television network signed a lucrative streaming deal marking a major career milestone. The music festival also signed a lucrative streaming deal in a star-studded ceremony.,Entertainment
The startup founder announced layoffs in its engineering division in a bid to compete with rivals. The cybersecurity firm also released an open-source software update after months of testing.,Technology
The president signed a new bill into law as tensions rise over the reforms. The mayor also held emergency talks with allies sparking protests across the country.,Politics
Shareholders launched an initial public offering following a volatile trading week. The airline also secured a multi-million dollar investment as inflation concerns grow.,Business
The Hollywood studio faced backlash over a controversial scene to the delight of fans worldwide. The award show also postponed the premiere indefinitely following a lengthy production delay.,Entertainment
Shareholders raised prices on key products following a volatile trading week. The stock market also secured a multi-million dollar investment boosting investor confidence.,Business
The music festival confirmed a surprise reunion tour in its opening weekend. The celebrity couple also revealed the cast for the upcoming sequel sparking a wave of social media reactions.,Entertainment
The basketball coach appointed a new head coach in the final minutes of the game. The cricket board also suffered a shock defeat in what was called a historic night.,Sports
Shareholders raised prices on key products amid rising interest rates. The manufacturer also filed for bankruptcy protection ahead of the fiscal year-end report.,Business
The tech giant faced backlash over a data privacy issue with faster processing speeds. The cybersecurity firm also rolled out a major app update after months of testing.,Technology
The Olympic committee qualified for the world finals ahead of next season. The cricket board also suffered a shock defeat in front of a sold-out crowd.,Sports
The bank launched an initial public offering as inflation concerns grow. Shareholders also launched an initial public offering in a move welcomed by analysts.,Business
The celebrity couple postponed the premiere indefinitely in a star-studded ceremony. The music festival also won the top award of the night in a star-studded ceremony.,Entertainment
The governor announced a new foreign policy initiative ahead of the upcoming election. The election commission also criticized the budget proposal ahead of the upcoming election.,Politics
The retailer secured a multi-million dollar investment following a volatile trading week. The airline also raised prices on key products boosting investor confidence.,Business
The cricket board appointed a new head coach ahead of next season. The football team also qualified for the world finals ahead of next season.,Sports
The startup founder rolled out a major app update with faster processing speeds. The startup founder also acquired a promising startup with faster processing speeds.,Technology
Shareholders secured a multi-million dollar investment boosting investor confidence. The retailer also posted a sharp decline in earnings as inflation concerns grow.,Business
Investors announced a merger deal in a move welcomed by analysts. The manufacturer also cut jobs amid falling revenue ahead of the fiscal year-end report.,Business
The star striker postponed the match due to weather in what was called a historic night. The hockey league also suffered a shock defeat in what was called a historic night.,Sports
The social media platform launched the latest smartphone boosting the company's market share. The smartphone maker also rolled out a major app update boosting the company's market share.,Technology
The cricket board signed a record-breaking contract after a dramatic penalty shootout. The national squad also broke a long-standing world record in what was called a historic night.,Sports
The election commission faced a vote of no confidence in a closely watched parliamentary session. The senate also launched an investigation into corruption allegations in an effort to restore public trust.,Politics
The marathon runner suffered a shock defeat in a stunning comeback performance. The national squad also postponed the match due to weather in a stunning comeback performance.,Sports
Investors cut jobs amid falling revenue in a move welcomed by analysts. The company also launched an initial public offering amid rising interest rates.,Business
The boxing federation faced a doping investigation sparking celebrations among fans. The tennis champion also announced the retirement of a star player despite a string of injuries.,Sports
The tech giant developed a breakthrough battery technology aimed at improving user privacy. The social media platform also patched a critical security vulnerability that could reshape the industry.,Technology
Engineers patched a critical security vulnerability drawing criticism from privacy advocates. The social media platform also faced backlash over a data privacy issue in a bid to compete with rivals.,Technology
The celebrity couple signed a lucrative streaming deal sparking a wave of social media reactions. The television network also topped the music charts marking a major career milestone.,Entertainment
The chipmaker launched the latest smartphone at a highly anticipated product event. The startup founder also faced backlash over a data privacy issue as demand for cloud services grows.,Technology
The CEO filed for bankruptcy protection as inflation concerns grow. Shareholders also posted a sharp decline in earnings after a period of slow growth.,Business
The retailer secured a multi-million dollar investment ahead of the fiscal year-end report. The stock market also raised prices on key products ahead of the fiscal year-end report.,Business
The award show topped the music charts sparking a wave of social media reactions. The award show also topped the music charts sparking a wave of social media reactions.,Entertainment
The tennis champion faced a doping investigation after a dramatic penalty shootout. The tennis champion also won the season opener in overtime following months of intense training.,Sports
Shareholders announced a merger deal despite ongoing economic uncertainty. The startup also posted a sharp decline in earnings in a move welcomed by analysts.,Business
The CEO signed a major trade agreement in a move welcomed by analysts. The company also cut jobs amid falling revenue as consumer demand shifts.,Business
The marathon runner faced a doping investigation following months of intense training. The Olympic committee also faced a doping investigation in the final minutes of the game.,Sports
The television network broke box office records drawing mixed reviews from critics. The celebrity couple also topped the music charts in a star-studded ceremony.,Entertainment
The chipmaker faced backlash over a data privacy issue that could reshape the industry. The smartphone maker also acquired a promising startup after months of testing.,Technology
Engineers rolled out a major app update with faster processing speeds. The startup founder also rolled out a major app update that could reshape the industry.,Technology
The marathon runner broke a long-standing world record setting up a thrilling rematch. The national squad also faced a doping investigation ahead of next season.,Sports
Engineers warned users about a large-scale data breach with faster processing speeds. The AI lab also rolled out a major app update drawing criticism from privacy advocates.,Technology
The chipmaker patched a critical security vulnerability drawing criticism from privacy advocates. The cybersecurity firm also rolled out a major app update aimed at improving user privacy.,Technology
The CEO announced a merger deal boosting investor confidence. The retailer also filed for bankruptcy protection in a move welcomed by analysts.,Business
The finance minister proposed sweeping tax reforms ahead of the upcoming election. The opposition party also launched an investigation into corruption allegations as tensions rise over the reforms.,Politics
The finance minister unveiled a new immigration policy in a widely televised address. Lawmakers also called for early elections in an effort to restore public trust.,Politics
The mayor signed a new bill into law as tensions rise over the reforms. The parliament also proposed sweeping tax reforms in a closely watched parliamentary session.,Politics
The governor announced a new foreign policy initiative in a closely watched parliamentary session. The opposition party also announced a new foreign policy initiative drawing criticism from opposition leaders.,Politics
The mayor signed a new bill into law as tensions rise over the reforms. Lawmakers also unveiled a new immigration policy as tensions rise over the reforms.,Politics
Lawmakers criticized the budget proposal ahead of the upcoming election. The senate also criticized the budget proposal in a closely watched parliamentary session.,Politics
The film director won the top award of the night sparking a wave of social media reactions. The award show also faced backlash over a controversial scene following a lengthy production delay.,Entertainment
The company posted a sharp decline in earnings in a move welcomed by analysts. The retailer also secured a multi-million dollar investment boosting investor confidence.,Business
The comedian postponed the premiere indefinitely to the delight of fans worldwide. The actor also won the top award of the night after months of speculation.,Entertainment
The company unveiled a new expansion plan following a volatile trading week. The stock market also raised prices on key products in a move welcomed by analysts.,Business
The tennis champion appointed a new head coach in what was called a historic night. The national squad also qualified for the world finals setting up a thrilling rematch.,Sports
The retailer posted a sharp decline in earnings citing supply chain disruptions. Investors also launched an initial public offering following a volatile trading week.,Business
The manufacturer secured a multi-million dollar investment after a period of slow growth. Shareholders also signed a major trade agreement after a period of slow growth.,Business
The parliament criticized the budget proposal sparking protests across the country. The president also approved a controversial spending plan drawing criticism from opposition leaders.,Politics
The basketball coach suffered a shock defeat despite a string of injuries. The tennis champion also signed a record-breaking contract despite a string of injuries.,Sports
Shareholders secured a multi-million dollar investment citing supply chain disruptions. The manufacturer also secured a multi-million dollar investment ahead of the fiscal year-end report.,Business
The startup founder released an open-source software update with faster processing speeds. The AI lab also developed a breakthrough battery technology at a highly anticipated product event.,Technology
The startup founder announced layoffs in its engineering division aimed at improving user privacy. Researchers also announced layoffs in its engineering division raising questions about AI safety.,Technology
The software company warned users about a large-scale data breach at a highly anticipated product event. Researchers also launched the latest smartphone boosting the company's market share.,Technology
The hockey league suffered a shock defeat in the final minutes of the game. The hockey league also announced the retirement of a star player sparking celebrations among fans.,Sports
The cricket board suffered a shock defeat following months of intense training. The cricket board also faced a doping investigation despite a string of injuries.,Sports
The CEO reported record quarterly profits following a volatile trading week. Investors also posted a sharp decline in earnings after a period of slow growth.,Business
The software company warned users about a large-scale data breach aimed at improving user privacy. The tech giant also faced backlash over a data privacy issue in a bid to compete with rivals.,Technology
The bank launched an initial public offering in a move welcomed by analysts. The manufacturer also unveiled a new expansion plan as consumer demand shifts.,Business
Researchers launched the latest smartphone raising questions about AI safety. Researchers also acquired a promising startup aimed at improving user privacy.,Technology
The bank launched an initial public offering amid rising interest rates. The retailer also secured a multi-million dollar investment as consumer demand shifts.,Business
The boxing federation won the season opener in overtime in what was called a historic night. The national squad also announced the retirement of a star player in the final minutes of the game.,Sports
The parliament called for early elections in an effort to restore public trust. The opposition party also announced a new foreign policy initiative in a closely watched parliamentary session.,Politics
The film director confirmed a surprise reunion tour in its opening weekend. The streaming service also announced a new blockbuster film drawing mixed reviews from critics.,Entertainment
The streaming service signed a lucrative streaming deal after months of speculation. The streaming service also confirmed a surprise reunion tour to the delight of fans worldwide.,Entertainment
The Hollywood studio released a highly anticipated album in its opening weekend. The streaming service also postponed the premiere indefinitely ahead of the holiday season.,Entertainment
The chipmaker rolled out a major app update drawing criticism from privacy advocates. Researchers also launched the latest smartphone as demand for cloud services grows.,Technology
Investors launched an initial public offering as consumer demand shifts. The airline also cut jobs amid falling revenue after a period of slow growth.,Business
The parliament unveiled a new immigration policy ahead of the upcoming election. The governor also announced a new foreign policy initiative in a closely watched parliamentary session.,Politics
Lawmakers announced a new foreign policy initiative ahead of the upcoming election. The election commission also called for early elections after weeks of negotiations.,Politics
The tennis champion signed a record-breaking contract in front of a sold-out crowd. The star striker also won the season opener in overtime setting up a thrilling rematch.,Sports
The hockey league broke a long-standing world record in what was called a historic night. The boxing federation also appointed a new head coach ahead of next season.,Sports
Shareholders secured a multi-million dollar investment as consumer demand shifts. The airline also filed for bankruptcy protection despite ongoing economic uncertainty.,Business
The hockey league qualified for the world finals following months of intense training. The national squad also won the season opener in overtime ahead of next season.,Sports
The pop star faced backlash over a controversial scene after months of speculation. The streaming service also confirmed a surprise reunion tour after months of speculation.,Entertainment
The basketball coach won the season opener in overtime despite a string of injuries. The hockey league also appointed a new head coach setting up a thrilling rematch.,Sports
The award show won the top award of the night in its opening weekend. The Hollywood studio also topped the music charts following a lengthy production delay.,Entertainment
The prime minister launched an investigation into corruption allegations ahead of the upcoming election. The governor also unveiled a new immigration policy in a widely televised address.,Politics
The company announced a merger deal as inflation concerns grow. The manufacturer also unveiled a new expansion plan following a volatile trading week.,Business
The Hollywood studio faced backlash over a controversial scene sparking a wave of social media reactions. The film director also topped the music charts to the delight of fans worldwide.,Entertainment
The president announced a new foreign policy initiative drawing criticism from opposition leaders. Lawmakers also signed a new bill into law as tensions rise over the reforms.,Politics
The Hollywood studio broke box office records after months of speculation. The music festival also faced backlash over a controversial scene following a lengthy production delay.,Entertainment
The award show faced backlash over a controversial scene following a lengthy production delay. The celebrity couple also faced backlash over a controversial scene amid rumors of a spinoff series.,Entertainment
The television network won the top award of the night amid rumors of a spinoff series. The Hollywood studio also signed a lucrative streaming deal in a star-studded ceremony.,Entertainment
The governor approved a controversial spending plan in a closely watched parliamentary session. The senate also proposed sweeping tax reforms as tensions rise over the reforms.,Politics
The star striker signed a record-breaking contract in a stunning comeback performance. The boxing federation also signed a record-breaking contract ahead of next season.,Sports
The Hollywood studio postponed the premiere indefinitely amid rumors of a spinoff series. The comedian also won the top award of the night sparking a wave of social media reactions.,Entertainment
The football team postponed the match due to weather despite a string of injuries. The national squad also announced the retirement of a star player setting up a thrilling rematch.,Sports
The chipmaker faced backlash over a data privacy issue that could reshape the industry. Researchers also faced backlash over a data privacy issue in a bid to compete with rivals.,Technology
The television network postponed the premiere indefinitely sparking a wave of social media reactions. The actor also announced a new blockbuster film after months of speculation.,Entertainment
The mayor held emergency talks with allies following months of political deadlock. The mayor also signed a new bill into law ahead of the upcoming election.,Politics
The hockey league broke a long-standing world record after a dramatic penalty shootout. The star striker also broke a long-standing world record in what was called a historic night.,Sports
The software company warned users about a large-scale data breach drawing criticism from privacy advocates. The AI lab also released an open-source software update aimed at improving user privacy.,Technology
The election commission approved a controversial spending plan amid growing public pressure. Lawmakers also announced a new foreign policy initiative as tensions rise over the reforms.,Politics
The startup founder warned users about a large-scale data breach boosting the company's market share. Engineers also faced backlash over a data privacy issue in a bid to compete with rivals.,Technology
Researchers unveiled a new artificial intelligence model in a bid to compete with rivals. The chipmaker also warned users about a large-scale data breach after months of testing.,Technology
The tech giant launched the latest smartphone as demand for cloud services grows. The software company also rolled out a major app update with faster processing speeds.,Technology
The smartphone maker patched a critical security vulnerability at a highly anticipated product event. The startup founder also released an open-source software update raising questions about AI safety.,Technology
The Hollywood studio broke box office records amid rumors of a spinoff series. The actor also topped the music charts drawing mixed reviews from critics.,Entertainment
The actor revealed the cast for the upcoming sequel in its opening weekend. The pop star also topped the music charts after months of speculation.,Entertainment
The senate proposed sweeping tax reforms drawing criticism from opposition leaders. The opposition party also approved a controversial spending plan sparking protests across the country.,Politics
The senate faced a vote of no confidence after weeks of negotiations. The opposition party also held emergency talks with allies following months of political deadlock.,Politics
The actor faced backlash over a controversial scene after months of speculation. The Hollywood studio also won the top award of the night following a lengthy production delay.,Entertainment
The chipmaker acquired a promising startup after months of testing. Researchers also launched the latest smartphone with faster processing speeds.,Technology
The boxing federation qualified for the world finals despite a string of injuries. The tennis champion also won the season opener in overtime ahead of next season.,Sports
The boxing federation won the season opener in overtime in the final minutes of the game. The Olympic committee also clinched the championship title despite a string of injuries.,Sports
The music festival faced backlash over a controversial scene in a star-studded ceremony. The Hollywood studio also broke box office records in its opening weekend.,Entertainment
The tennis champion won the season opener in overtime ahead of next season. The star striker also suffered a shock defeat following months of intense training.,Sports
The smartphone maker acquired a promising startup as demand for cloud services grows. The chipmaker also acquired a promising startup with faster processing speeds.,Technology
The smartphone maker patched a critical security vulnerability as demand for cloud services grows. The cybersecurity firm also patched a critical security vulnerability that could reshape the industry.,Technology
Investors launched an initial public offering as consumer demand shifts. Investors also announced a merger deal despite ongoing economic uncertainty.,Business
The software company warned users about a large-scale data breach boosting the company's market share. Researchers also patched a critical security vulnerability in a bid to compete with rivals.,Technology
The startup founder rolled out a major app update raising questions about AI safety. The tech giant also acquired a promising startup that could reshape the industry.,Technology
The software company launched the latest smartphone with faster processing speeds. Researchers also acquired a promising startup boosting the company's market share.,Technology
The retailer posted a sharp decline in earnings as consumer demand shifts. The startup also posted a sharp decline in earnings ahead of the fiscal year-end report.,Business
The comedian postponed the premiere indefinitely in a star-studded ceremony. The comedian also announced a new blockbuster film marking a major career milestone.,Entertainment
The football team won the season opener in overtime ahead of next season. The hockey league also signed a record-breaking contract after a dramatic penalty shootout.,Sports
The CEO cut jobs amid falling revenue in a move welcomed by analysts. The startup also raised prices on key products despite ongoing economic uncertainty.,Business
Engineers acquired a promising startup at a highly anticipated product event. Engineers also launched the latest smartphone boosting the company's market share.,Technology
The startup reported record quarterly profits in a move welcomed by analysts. The manufacturer also unveiled a new expansion plan after a period of slow growth.,Business
The football team qualified for the world finals setting up a thrilling rematch. The football team also signed a record-breaking contract despite a string of injuries.,Sports
The smartphone maker unveiled a new artificial intelligence model with faster processing speeds. The tech giant also patched a critical security vulnerability in a bid to compete with rivals.,Technology
The stock market filed for bankruptcy protection following a volatile trading week. The retailer also raised prices on key products following a volatile trading week.,Business
Researchers faced backlash over a data privacy issue that could reshape the industry. The tech giant also faced backlash over a data privacy issue raising questions about AI safety.,Technology
Shareholders raised prices on key products citing supply chain disruptions. Shareholders also launched an initial public offering amid rising interest rates.,Business
The award show broke box office records after months of speculation. The celebrity couple also postponed the premiere indefinitely marking a major career milestone.,Entertainment
The startup founder faced backlash over a data privacy issue aimed at improving user privacy. Researchers also patched a critical security vulnerability raising questions about AI safety.,Technology
The airline unveiled a new expansion plan ahead of the fiscal year-end report. The CEO also filed for bankruptcy protection after a period of slow growth.,Business
The airline reported record quarterly profits amid rising interest rates. The startup also signed a major trade agreement in a move welcomed by analysts.,Business
The streaming service won the top award of the night marking a major career milestone. The music festival also signed a lucrative streaming deal amid rumors of a spinoff series.,Entertainment
Shareholders launched an initial public offering amid rising interest rates. The startup also filed for bankruptcy protection despite ongoing economic uncertainty.,Business
The smartphone maker acquired a promising startup raising questions about AI safety. The chipmaker also acquired a promising startup with faster processing speeds.,Technology
The company raised prices on key products boosting investor confidence. Shareholders also announced a merger deal ahead of the fiscal year-end report.,Business
The manufacturer unveiled a new expansion plan citing supply chain disruptions. The manufacturer also signed a major trade agreement despite ongoing economic uncertainty.,Business
The star striker appointed a new head coach sparking celebrations among fans. The tennis champion also faced a doping investigation in front of a sold-out crowd.,Sports
The senate held emergency talks with allies in an effort to restore public trust. The finance minister also criticized the budget proposal amid growing public pressure.,Politics
The opposition party held emergency talks with allies in a widely televised address. The prime minister also faced a vote of no confidence in an effort to restore public trust.,Politics
The mayor proposed sweeping tax reforms ahead of the upcoming election. The governor also called for early elections amid growing public pressure.,Politics
Shareholders secured a multi-million dollar investment following a volatile trading week. Investors also unveiled a new expansion plan boosting investor confidence.,Business
The football team clinched the championship title despite a string of injuries. The star striker also faced a doping investigation after a dramatic penalty shootout.,Sports
The Olympic committee suffered a shock defeat in front of a sold-out crowd. The Olympic committee also qualified for the world finals setting up a thrilling rematch.,Sports
The hockey league appointed a new head coach in front of a sold-out crowd. The cricket board also postponed the match due to weather following months of intense training.,Sports
The television network faced backlash over a controversial scene marking a major career milestone. The award show also broke box office records marking a major career milestone.,Entertainment
The cybersecurity firm developed a breakthrough battery technology with faster processing speeds. The tech giant also announced layoffs in its engineering division raising questions about AI safety.,Technology
The star striker appointed a new head coach after a dramatic penalty shootout. The tennis champion also won the season opener in overtime despite a string of injuries.,Sports
The opposition party criticized the budget proposal as tensions rise over the reforms. The governor also criticized the budget proposal in an effort to restore public trust.,Politics
The chipmaker faced backlash over a data privacy issue as demand for cloud services grows. Engineers also released an open-source software update that could reshape the industry.,Technology
Researchers announced layoffs in its engineering division at a highly anticipated product event. The tech giant also warned users about a large-scale data breach in a bid to compete with rivals.,Technology
The governor unveiled a new immigration policy in an effort to restore public trust. The senate also launched an investigation into corruption allegations after weeks of negotiations.,Politics
The football team faced a doping investigation in front of a sold-out crowd. The marathon runner also suffered a shock defeat sparking celebrations among fans.,Sports
The cybersecurity firm unveiled a new artificial intelligence model aimed at improving user privacy. The tech giant also announced layoffs in its engineering division after months of testing.,Technology
The star striker postponed the match due to weather following months of intense training. The Olympic committee also signed a record-breaking contract after a dramatic penalty shootout.,Sports
The tech giant announced layoffs in its engineering division in a bid to compete with rivals. The software company also unveiled a new artificial intelligence model aimed at improving user privacy.,Technology
The airline raised prices on key products citing supply chain disruptions. The retailer also posted a sharp decline in earnings despite ongoing economic uncertainty.,Business
The software company acquired a promising startup in a bid to compete with rivals. Researchers also announced layoffs in its engineering division after months of testing.,Technology
The boxing federation appointed a new head coach following months of intense training. The tennis champion also qualified for the world finals in what was called a historic night.,Sports
The social media platform patched a critical security vulnerability boosting the company's market share. The cybersecurity firm also patched a critical security vulnerability that could reshape the industry.,Technology
Researchers developed a breakthrough battery technology as demand for cloud services grows. The social media platform also patched a critical security vulnerability at a highly anticipated product event.,Technology
The basketball coach qualified for the world finals despite a string of injuries. The basketball coach also broke a long-standing world record setting up a thrilling rematch.,Sports
The cricket board appointed a new head coach after a dramatic penalty shootout. The national squad also won the season opener in overtime despite a string of injuries.,Sports
Lawmakers launched an investigation into corruption allegations in a widely televised address. The president also proposed sweeping tax reforms after weeks of negotiations.,Politics
The cybersecurity firm warned users about a large-scale data breach in a bid to compete with rivals. The cybersecurity firm also unveiled a new artificial intelligence model with faster processing speeds.,Technology
The comedian topped the music charts in a star-studded ceremony. The Hollywood studio also announced a new blockbuster film ahead of the holiday season.,Entertainment
The startup cut jobs amid falling revenue as consumer demand shifts. The company also cut jobs amid falling revenue citing supply chain disruptions.,Business
The actor broke box office records in its opening weekend. The music festival also signed a lucrative streaming deal after months of speculation.,Entertainment
The football team postponed the match due to weather after a dramatic penalty shootout. The basketball coach also qualified for the world finals in a stunning comeback performance.,Sports
Researchers launched the latest smartphone at a highly anticipated product event. The social media platform also developed a breakthrough battery technology boosting the company's market share.,Technology
The star striker qualified for the world finals in the final minutes of the game. The hockey league also won the season opener in overtime despite a string of injuries.,Sports
The social media platform acquired a promising startup boosting the company's market share. Engineers also developed a breakthrough battery technology that could reshape the industry.,Technology
The social media platform developed a breakthrough battery technology aimed at improving user privacy. The smartphone maker also rolled out a major app update drawing criticism from privacy advocates.,Technology
The mayor proposed sweeping tax reforms in a closely watched parliamentary session. Lawmakers also called for early elections in an effort to restore public trust.,Politics
Lawmakers proposed sweeping tax reforms after weeks of negotiations. The senate also proposed sweeping tax reforms amid growing public pressure.,Politics
The bank announced a merger deal boosting investor confidence. The company also posted a sharp decline in earnings boosting investor confidence.,Business
The music festival revealed the cast for the upcoming sequel in a star-studded ceremony. The celebrity couple also topped the music charts to the delight of fans worldwide.,Entertainment
The pop star confirmed a surprise reunion tour ahead of the holiday season. The award show also postponed the premiere indefinitely in a star-studded ceremony.,Entertainment
The AI lab acquired a promising startup after months of testing. The chipmaker also developed a breakthrough battery technology drawing criticism from privacy advocates.,Technology
The AI lab unveiled a new artificial intelligence model that could reshape the industry. The smartphone maker also released an open-source software update boosting the company's market share.,Technology
Lawmakers signed a new bill into law as tensions rise over the reforms. The president also faced a vote of no confidence following months of political deadlock.,Politics
The tech giant acquired a promising startup in a bid to compete with rivals. The smartphone maker also launched the latest smartphone boosting the company's market share.,Technology
The tech giant warned users about a large-scale data breach raising questions about AI safety. The chipmaker also warned users about a large-scale data breach as demand for cloud services grows.,Technology
The marathon runner suffered a shock defeat despite a string of injuries. The cricket board also faced a doping investigation sparking celebrations among fans.,Sports
The governor held emergency talks with allies drawing criticism from opposition leaders. The parliament also approved a controversial spending plan in a widely televised address.,Politics
The software company launched the latest smartphone in a bid to compete with rivals. Researchers also acquired a promising startup drawing criticism from privacy advocates.,Technology
The social media platform developed a breakthrough battery technology aimed at improving user privacy. Engineers also warned users about a large-scale data breach drawing criticism from privacy advocates.,Technology
The president faced a vote of no confidence after weeks of negotiations. Lawmakers also faced a vote of no confidence amid growing public pressure.,Politics
The film director released a highly anticipated album in its opening weekend. The film director also topped the music charts after months of speculation.,Entertainment
The bank raised prices on key products after a period of slow growth. The company also raised prices on key products as consumer demand shifts.,Business
The award show faced backlash over a controversial scene amid rumors of a spinoff series. The streaming service also postponed the premiere indefinitely sparking a wave of social media reactions.,Entertainment
The actor won the top award of the night following a lengthy production delay. The music festival also revealed the cast for the upcoming sequel marking a major career milestone.,Entertainment
The hockey league clinched the championship title setting up a thrilling rematch. The national squad also clinched the championship title following months of intense training.,Sports
The national squad clinched the championship title after a dramatic penalty shootout. The basketball coach also postponed the match due to weather setting up a thrilling rematch.,Sports
The cricket board appointed a new head coach in what was called a historic night. The cricket board also won the season opener in overtime in the final minutes of the game.,Sports
The governor launched an investigation into corruption allegations drawing criticism from opposition leaders. Lawmakers also launched an investigation into corruption allegations sparking protests across the country.,Politics
The opposition party faced a vote of no confidence sparking protests across the country. The election commission also proposed sweeping tax reforms in an effort to restore public trust.,Politics
Investors filed for bankruptcy protection in a move welcomed by analysts. The bank also posted a sharp decline in earnings after a period of slow growth.,Business
The AI lab announced layoffs in its engineering division that could reshape the industry. Engineers also rolled out a major app update drawing criticism from privacy advocates.,Technology
The pop star confirmed a surprise reunion tour after months of speculation. The award show also topped the music charts marking a major career milestone.,Entertainment
The pop star topped the music charts marking a major career milestone. The television network also announced a new blockbuster film amid rumors of a spinoff series.,Entertainment
The cricket board appointed a new head coach setting up a thrilling rematch. The tennis champion also won the season opener in overtime in the final minutes of the game.,Sports
The national squad appointed a new head coach after a dramatic penalty shootout. The marathon runner also broke a long-standing world record ahead of next season.,Sports
The pop star signed a lucrative streaming deal sparking a wave of social media reactions. The award show also postponed the premiere indefinitely amid rumors of a spinoff series.,Entertainment
The parliament held emergency talks with allies in a closely watched parliamentary session. The mayor also announced a new foreign policy initiative after weeks of negotiations.,Politics
The social media platform rolled out a major app update that could reshape the industry. The tech giant also patched a critical security vulnerability as demand for cloud services grows.,Technology
The social media platform announced layoffs in its engineering division drawing criticism from privacy advocates. The AI lab also warned users about a large-scale data breach at a highly anticipated product event.,Technology
The senate called for early elections amid growing public pressure. The parliament also unveiled a new immigration policy following months of political deadlock.,Politics
The football team postponed the match due to weather in the final minutes of the game. The cricket board also postponed the match due to weather in a stunning comeback performance.,Sports
Investors announced a merger deal as inflation concerns grow. The CEO also signed a major trade agreement boosting investor confidence.,Business
Investors reported record quarterly profits citing supply chain disruptions. The retailer also raised prices on key products following a volatile trading week.,Business
Engineers rolled out a major app update in a bid to compete with rivals. Engineers also faced backlash over a data privacy issue that could reshape the industry.,Technology
The cybersecurity firm released an open-source software update after months of testing. The tech giant also rolled out a major app update after months of testing.,Technology
Shareholders secured a multi-million dollar investment after a period of slow growth. The startup also launched an initial public offering ahead of the fiscal year-end report.,Business
The social media platform announced layoffs in its engineering division with faster processing speeds. The social media platform also launched the latest smartphone in a bid to compete with rivals.,Technology
The election commission signed a new bill into law as tensions rise over the reforms. Lawmakers also faced a vote of no confidence drawing criticism from opposition leaders.,Politics
The Hollywood studio signed a lucrative streaming deal after months of speculation. The comedian also revealed the cast for the upcoming sequel amid rumors of a spinoff series.,Entertainment
The smartphone maker faced backlash over a data privacy issue raising questions about AI safety. The cybersecurity firm also unveiled a new artificial intelligence model boosting the company's market share.,Technology
The hockey league clinched the championship title despite a string of injuries. The boxing federation also announced the retirement of a star player sparking celebrations among fans.,Sports
The tennis champion faced a doping investigation in front of a sold-out crowd. The cricket board also signed a record-breaking contract setting up a thrilling rematch.,Sports
Researchers patched a critical security vulnerability aimed at improving user privacy. The AI lab also unveiled a new artificial intelligence model drawing criticism from privacy advocates.,Technology
The film director postponed the premiere indefinitely sparking a wave of social media reactions. The streaming service also faced backlash over a controversial scene sparking a wave of social media reactions.,Entertainment
The hockey league announced the retirement of a star player in what was called a historic night. The marathon runner also announced the retirement of a star player in what was called a historic night.,Sports
The social media platform unveiled a new artificial intelligence model at a highly anticipated product event. The tech giant also faced backlash over a data privacy issue boosting the company's market share.,Technology
The bank launched an initial public offering boosting investor confidence. The retailer also cut jobs amid falling revenue citing supply chain disruptions.,Business
The startup founder patched a critical security vulnerability with faster processing speeds. The smartphone maker also patched a critical security vulnerability at a highly anticipated product event.,Technology
The Olympic committee announced the retirement of a star player sparking celebrations among fans. The marathon runner also announced the retirement of a star player in a stunning comeback performance.,Sports
The mayor announced a new foreign policy initiative in an effort to restore public trust. The opposition party also called for early elections ahead of the upcoming election.,Politics
The boxing federation broke a long-standing world record sparking celebrations among fans. The Olympic committee also won the season opener in overtime after a dramatic penalty shootout.,Sports
The manufacturer raised prices on key products in a move welcomed by analysts. The startup also announced a merger deal as consumer demand shifts.,Business
The football team clinched the championship title sparking celebrations among fans. The national squad also suffered a shock defeat after a dramatic penalty shootout.,Sports
The film director topped the music charts drawing mixed reviews from critics. The music festival also won the top award of the night amid rumors of a spinoff series.,Entertainment
The AI lab released an open-source software update in a bid to compete with rivals. The cybersecurity firm also patched a critical security vulnerability in a bid to compete with rivals.,Technology
The award show topped the music charts amid rumors of a spinoff series. The film director also revealed the cast for the upcoming sequel in a star-studded ceremony.,Entertainment
The boxing federation announced the retirement of a star player in what was called a historic night. The hockey league also postponed the match due to weather setting up a thrilling rematch.,Sports
The streaming service faced backlash over a controversial scene marking a major career milestone. The Hollywood studio also signed a lucrative streaming deal in a star-studded ceremony.,Entertainment
The startup founder warned users about a large-scale data breach aimed at improving user privacy. The tech giant also rolled out a major app update boosting the company's market share.,Technology
Shareholders cut jobs amid falling revenue despite ongoing economic uncertainty. The company also unveiled a new expansion plan boosting investor confidence.,Business
The smartphone maker faced backlash over a data privacy issue boosting the company's market share. The AI lab also announced layoffs in its engineering division with faster processing speeds.,Technology
The startup founder faced backlash over a data privacy issue boosting the company's market share. The AI lab also released an open-source software update after months of testing.,Technology
The governor proposed sweeping tax reforms in a closely watched parliamentary session. The president also signed a new bill into law in an effort to restore public trust.,Politics
The AI lab rolled out a major app update at a highly anticipated product event. Engineers also warned users about a large-scale data breach aimed at improving user privacy.,Technology
The streaming service faced backlash over a controversial scene in its opening weekend. The award show also signed a lucrative streaming deal sparking a wave of social media reactions.,Entertainment
The company posted a sharp decline in earnings despite ongoing economic uncertainty. The startup also launched an initial public offering following a volatile trading week.,Business
The president held emergency talks with allies amid growing public pressure. Lawmakers also unveiled a new immigration policy after weeks of negotiations.,Politics
The award show won the top award of the night sparking a wave of social media reactions. The pop star also confirmed a surprise reunion tour after months of speculation.,Entertainment
The pop star announced a new blockbuster film in its opening weekend. The award show also released a highly anticipated album in its opening weekend.,Entertainment
The marathon runner clinched the championship title following months of intense training. The star striker also signed a record-breaking contract after a dramatic penalty shootout.,Sports
The parliament launched an investigation into corruption allegations following months of political deadlock. The opposition party also announced a new foreign policy initiative drawing criticism from opposition leaders.,Politics
The governor held emergency talks with allies ahead of the upcoming election. The finance minister also criticized the budget proposal after weeks of negotiations.,Politics
The AI lab announced layoffs in its engineering division with faster processing speeds. Engineers also announced layoffs in its engineering division with faster processing speeds.,Technology
The pop star released a highly anticipated album ahead of the holiday season. The film director also released a highly anticipated album marking a major career milestone.,Entertainment
The tennis champion appointed a new head coach in a stunning comeback performance. The star striker also faced a doping investigation despite a string of injuries.,Sports
Investors cut jobs amid falling revenue boosting investor confidence. The airline also announced a merger deal amid rising interest rates.,Business
The basketball coach appointed a new head coach following months of intense training. The star striker also won the season opener in overtime sparking celebrations among fans.,Sports
The mayor announced a new foreign policy initiative after weeks of negotiations. The opposition party also unveiled a new immigration policy amid growing public pressure.,Politics
The comedian announced a new blockbuster film following a lengthy production delay. The streaming service also postponed the premiere indefinitely ahead of the holiday season.,Entertainment
The company reported record quarterly profits citing supply chain disruptions. The startup also posted a sharp decline in earnings amid rising interest rates.,Business
Shareholders secured a multi-million dollar investment as consumer demand shifts. Investors also launched an initial public offering ahead of the fiscal year-end report.,Business
The retailer filed for bankruptcy protection after a period of slow growth. The bank also secured a multi-million dollar investment ahead of the fiscal year-end report.,Business
The social media platform faced backlash over a data privacy issue as demand for cloud services grows. The tech giant also warned users about a large-scale data breach that could reshape the industry.,Technology
The airline posted a sharp decline in earnings following a volatile trading week. The retailer also posted a sharp decline in earnings after a period of slow growth.,Business
Shareholders announced a merger deal despite ongoing economic uncertainty. The retailer also launched an initial public offering in a move welcomed by analysts.,Business
The basketball coach broke a long-standing world record following months of intense training. The boxing federation also clinched the championship title ahead of next season.,Sports
The social media platform acquired a promising startup in a bid to compete with rivals. The smartphone maker also announced layoffs in its engineering division drawing criticism from privacy advocates.,Technology
Researchers announced layoffs in its engineering division with faster processing speeds. The tech giant also announced layoffs in its engineering division as demand for cloud services grows.,Technology
The senate signed a new bill into law drawing criticism from opposition leaders. The president also approved a controversial spending plan following months of political deadlock.,Politics
The Hollywood studio signed a lucrative streaming deal marking a major career milestone. The comedian also won the top award of the night in its opening weekend.,Entertainment
The marathon runner qualified for the world finals in front of a sold-out crowd. The basketball coach also qualified for the world finals ahead of next season.,Sports
The award show won the top award of the night in a star-studded ceremony. The music festival also postponed the premiere indefinitely amid rumors of a spinoff series.,Entertainment
The marathon runner broke a long-standing world record sparking celebrations among fans. The hockey league also appointed a new head coach in what was called a historic night.,Sports
The prime minister held emergency talks with allies following months of political deadlock. The opposition party also held emergency talks with allies amid growing public pressure.,Politics
Lawmakers called for early elections as tensions rise over the reforms. The finance minister also unveiled a new immigration policy drawing criticism from opposition leaders.,Politics
The smartphone maker acquired a promising startup that could reshape the industry. The smartphone maker also acquired a promising startup drawing criticism from privacy advocates.,Technology
The social media platform rolled out a major app update in a bid to compete with rivals. Researchers also acquired a promising startup raising questions about AI safety.,Technology
Researchers faced backlash over a data privacy issue after months of testing. Engineers also rolled out a major app update as demand for cloud services grows.,Technology
The president signed a new bill into law after weeks of negotiations. The senate also criticized the budget proposal drawing criticism from opposition leaders.,Politics
The governor faced a vote of no confidence drawing criticism from opposition leaders. The governor also approved a controversial spending plan following months of political deadlock.,Politics
The football team qualified for the world finals setting up a thrilling rematch. The national squad also broke a long-standing world record after a dramatic penalty shootout.,Sports
The bank secured a multi-million dollar investment as consumer demand shifts. The stock market also launched an initial public offering boosting investor confidence.,Business
The prime minister proposed sweeping tax reforms in a widely televised address. The parliament also held emergency talks with allies as tensions rise over the reforms.,Politics
The comedian topped the music charts amid rumors of a spinoff series. The television network also faced backlash over a controversial scene in its opening weekend.,Entertainment
The governor criticized the budget proposal in a widely televised address. The president also criticized the budget proposal in a widely televised address.,Politics
The comedian broke box office records amid rumors of a spinoff series. The streaming service also postponed the premiere indefinitely sparking a wave of social media reactions.,Entertainment
The smartphone maker launched the latest smartphone in a bid to compete with rivals. The software company also acquired a promising startup aimed at improving user privacy.,Technology
The streaming service broke box office records marking a major career milestone. The pop star also signed a lucrative streaming deal in a star-studded ceremony.,Entertainment
The actor faced backlash over a controversial scene in its opening weekend. The award show also revealed the cast for the upcoming sequel after months of speculation.,Entertainment
The prime minister faced a vote of no confidence following months of political deadlock. The senate also held emergency talks with allies in an effort to restore public trust.,Politics
The AI lab announced layoffs in its engineering division raising questions about AI safety. The software company also released an open-source software update boosting the company's market share.,Technology
The social media platform rolled out a major app update drawing criticism from privacy advocates. The startup founder also faced backlash over a data privacy issue boosting the company's market share.,Technology
Lawmakers called for early elections in a closely watched parliamentary session. The mayor also signed a new bill into law drawing criticism from opposition leaders.,Politics
The football team signed a record-breaking contract in front of a sold-out crowd. The cricket board also announced the retirement of a star player setting up a thrilling rematch.,Sports
The Hollywood studio postponed the premiere indefinitely in a star-studded ceremony. The television network also confirmed a surprise reunion tour in its opening weekend.,Entertainment
The AI lab unveiled a new artificial intelligence model that could reshape the industry. The startup founder also released an open-source software update in a bid to compete with rivals.,Technology
The CEO raised prices on key products in a move welcomed by analysts. The CEO also announced a merger deal in a move welcomed by analysts.,Business
Shareholders reported record quarterly profits in a move welcomed by analysts. The retailer also raised prices on key products amid rising interest rates.,Business
The CEO raised prices on key products ahead of the fiscal year-end report. The manufacturer also raised prices on key products following a volatile trading week.,Business
The music festival topped the music charts marking a major career milestone. The streaming service also announced a new blockbuster film ahead of the holiday season.,Entertainment
The chipmaker released an open-source software update as demand for cloud services grows. The social media platform also warned users about a large-scale data breach as demand for cloud services grows.,Technology
The CEO unveiled a new expansion plan citing supply chain disruptions. The manufacturer also posted a sharp decline in earnings as consumer demand shifts.,Business
Investors raised prices on key products amid rising interest rates. The stock market also filed for bankruptcy protection following a volatile trading week.,Business
The finance minister unveiled a new immigration policy following months of political deadlock. The governor also held emergency talks with allies sparking protests across the country.,Politics
The retailer unveiled a new expansion plan in a move welcomed by analysts. Investors also posted a sharp decline in earnings boosting investor confidence.,Business
Researchers warned users about a large-scale data breach aimed at improving user privacy. The startup founder also announced layoffs in its engineering division at a highly anticipated product event.,Technology
The television network signed a lucrative streaming deal after months of speculation. The television network also confirmed a surprise reunion tour drawing mixed reviews from critics.,Entertainment
The comedian revealed the cast for the upcoming sequel after months of speculation. The television network also topped the music charts ahead of the holiday season.,Entertainment
The CEO launched an initial public offering despite ongoing economic uncertainty. The airline also unveiled a new expansion plan ahead of the fiscal year-end report.,Business
The film director topped the music charts ahead of the holiday season. The pop star also signed a lucrative streaming deal in a star-studded ceremony.,Entertainment
The streaming service topped the music charts sparking a wave of social media reactions. The television network also broke box office records amid rumors of a spinoff series.,Entertainment
The award show announced a new blockbuster film in its opening weekend. The music festival also broke box office records in its opening weekend.,Entertainment
The startup signed a major trade agreement boosting investor confidence. The bank also secured a multi-million dollar investment despite ongoing economic uncertainty.,Business
The parliament called for early elections amid growing public pressure. The senate also criticized the budget proposal in an effort to restore public trust.,Politics
The software company rolled out a major app update after months of testing. The tech giant also patched a critical security vulnerability boosting the company's market share.,Technology
The social media platform released an open-source software update with faster processing speeds. The chipmaker also faced backlash over a data privacy issue after months of testing.,Technology
The boxing federation appointed a new head coach in a stunning comeback performance. The Olympic committee also won the season opener in overtime in a stunning comeback performance.,Sports
The pop star won the top award of the night drawing mixed reviews from critics. The pop star also faced backlash over a controversial scene drawing mixed reviews from critics.,Entertainment
The parliament called for early elections as tensions rise over the reforms. The senate also proposed sweeping tax reforms in a widely televised address.,Politics
The social media platform released an open-source software update at a highly anticipated product event. The startup founder also developed a breakthrough battery technology after months of testing.,Technology
The election commission approved a controversial spending plan sparking protests across the country. The mayor also unveiled a new immigration policy following months of political deadlock.,Politics
The boxing federation faced a doping investigation setting up a thrilling rematch. The star striker also faced a doping investigation ahead of next season.,Sports
The chipmaker patched a critical security vulnerability that could reshape the industry. The social media platform also released an open-source software update in a bid to compete with rivals.,Technology
The celebrity couple revealed the cast for the upcoming sequel in a star-studded ceremony. The comedian also won the top award of the night following a lengthy production delay.,Entertainment
Lawmakers unveiled a new immigration policy in a widely televised address. The parliament also signed a new bill into law as tensions rise over the reforms.,Politics
The marathon runner broke a long-standing world record in a stunning comeback performance. The basketball coach also postponed the match due to weather in what was called a historic night.,Sports
The Hollywood studio postponed the premiere indefinitely following a lengthy production delay. The pop star also topped the music charts amid rumors of a spinoff series.,Entertainment
The Hollywood studio revealed the cast for the upcoming sequel to the delight of fans worldwide. The music festival also revealed the cast for the upcoming sequel amid rumors of a spinoff series.,Entertainment
The pop star faced backlash over a controversial scene ahead of the holiday season. The award show also broke box office records ahead of the holiday season.,Entertainment
The marathon runner suffered a shock defeat in front of a sold-out crowd. The boxing federation also announced the retirement of a star player following months of intense training.,Sports
The startup unveiled a new expansion plan citing supply chain disruptions. The retailer also posted a sharp decline in earnings following a volatile trading week.,Business
The startup unveiled a new expansion plan following a volatile trading week. The retailer also unveiled a new expansion plan in a move welcomed by analysts.,Business
The governor signed a new bill into law in a closely watched parliamentary session. The president also held emergency talks with allies drawing criticism from opposition leaders.,Politics
The prime minister faced a vote of no confidence sparking protests across the country. The opposition party also approved a controversial spending plan in a closely watched parliamentary session.,Politics
The governor unveiled a new immigration policy after weeks of negotiations. The election commission also called for early elections in an effort to restore public trust.,Politics
The AI lab rolled out a major app update raising questions about AI safety. Researchers also warned users about a large-scale data breach boosting the company's market share.,Technology
The Hollywood studio signed a lucrative streaming deal to the delight of fans worldwide. The television network also released a highly anticipated album following a lengthy production delay.,Entertainment
The marathon runner won the season opener in overtime setting up a thrilling rematch. The boxing federation also won the season opener in overtime setting up a thrilling rematch.,Sports
The award show faced backlash over a controversial scene ahead of the holiday season. The Hollywood studio also topped the music charts sparking a wave of social media reactions.,Entertainment
The prime minister launched an investigation into corruption allegations as tensions rise over the reforms. Lawmakers also criticized the budget proposal as tensions rise over the reforms.,Politics
The senate proposed sweeping tax reforms following months of political deadlock. The senate also signed a new bill into law in a widely televised address.,Politics
The film director topped the music charts to the delight of fans worldwide. The streaming service also postponed the premiere indefinitely after months of speculation.,Entertainment
The cybersecurity firm acquired a promising startup drawing criticism from privacy advocates. The smartphone maker also unveiled a new artificial intelligence model aimed at improving user privacy.,Technology
The tennis champion broke a long-standing world record in the final minutes of the game. The cricket board also suffered a shock defeat ahead of next season.,Sports
The opposition party faced a vote of no confidence ahead of the upcoming election. The senate also proposed sweeping tax reforms in a widely televised address.,Politics
The pop star postponed the premiere indefinitely sparking a wave of social media reactions. The streaming service also won the top award of the night in its opening weekend.,Entertainment
The airline cut jobs amid falling revenue despite ongoing economic uncertainty. The retailer also cut jobs amid falling revenue ahead of the fiscal year-end report.,Business
The startup founder released an open-source software update that could reshape the industry. The software company also acquired a promising startup with faster processing speeds.,Technology
The Olympic committee broke a long-standing world record after a dramatic penalty shootout. The boxing federation also signed a record-breaking contract sparking celebrations among fans.,Sports
The stock market cut jobs amid falling revenue as consumer demand shifts. The startup also reported record quarterly profits in a move welcomed by analysts.,Business
The airline filed for bankruptcy protection despite ongoing economic uncertainty. The stock market also cut jobs amid falling revenue as inflation concerns grow.,Business
The Hollywood studio topped the music charts ahead of the holiday season. The pop star also broke box office records drawing mixed reviews from critics.,Entertainment
The streaming service confirmed a surprise reunion tour drawing mixed reviews from critics. The music festival also topped the music charts following a lengthy production delay.,Entertainment
Lawmakers proposed sweeping tax reforms as tensions rise over the reforms. The mayor also criticized the budget proposal sparking protests across the country.,Politics
The television network won the top award of the night ahead of the holiday season. The television network also broke box office records after months of speculation.,Entertainment
The opposition party proposed sweeping tax reforms in an effort to restore public trust. The president also called for early elections amid growing public pressure.,Politics
The CEO announced a merger deal as inflation concerns grow. The airline also posted a sharp decline in earnings ahead of the fiscal year-end report.,Business
The startup posted a sharp decline in earnings despite ongoing economic uncertainty. The airline also secured a multi-million dollar investment after a period of slow growth.,Business
The cybersecurity firm acquired a promising startup after months of testing. The software company also announced layoffs in its engineering division boosting the company's market share.,Technology
The AI lab announced layoffs in its engineering division in a bid to compete with rivals. The chipmaker also warned users about a large-scale data breach as demand for cloud services grows.,Technology
The marathon runner qualified for the world finals in a stunning comeback performance. The star striker also won the season opener in overtime after a dramatic penalty shootout.,Sports
Lawmakers signed a new bill into law ahead of the upcoming election. The governor also faced a vote of no confidence after weeks of negotiations.,Politics
Lawmakers announced a new foreign policy initiative in a widely televised address. The president also faced a vote of no confidence in a closely watched parliamentary session.,Politics
The television network signed a lucrative streaming deal in its opening weekend. The actor also released a highly anticipated album drawing mixed reviews from critics.,Entertainment
The election commission proposed sweeping tax reforms in a widely televised address. The senate also approved a controversial spending plan following months of political deadlock.,Politics
The streaming service broke box office records drawing mixed reviews from critics. The Hollywood studio also released a highly anticipated album marking a major career milestone.,Entertainment
The bank announced a merger deal ahead of the fiscal year-end report. The company also launched an initial public offering as inflation concerns grow.,Business
The national squad appointed a new head coach ahead of next season. The star striker also won the season opener in overtime despite a string of injuries.,Sports
The CEO posted a sharp decline in earnings as inflation concerns grow. Shareholders also secured a multi-million dollar investment in a move welcomed by analysts.,Business
The CEO announced a merger deal following a volatile trading week. The manufacturer also filed for bankruptcy protection following a volatile trading week.,Business
Investors reported record quarterly profits as consumer demand shifts. The CEO also announced a merger deal as consumer demand shifts.,Business
The basketball coach faced a doping investigation in front of a sold-out crowd. The cricket board also won the season opener in overtime in what was called a historic night.,Sports
The award show revealed the cast for the upcoming sequel amid rumors of a spinoff series. The television network also signed a lucrative streaming deal ahead of the holiday season.,Entertainment
The celebrity couple postponed the premiere indefinitely sparking a wave of social media reactions. The film director also confirmed a surprise reunion tour to the delight of fans worldwide.,Entertainment
The cybersecurity firm launched the latest smartphone boosting the company's market share. The AI lab also rolled out a major app update in a bid to compete with rivals.,Technology
The marathon runner won the season opener in overtime ahead of next season. The star striker also appointed a new head coach in the final minutes of the game.,Sports
The parliament proposed sweeping tax reforms sparking protests across the country. The election commission also unveiled a new immigration policy in a widely televised address.,Politics
The startup founder unveiled a new artificial intelligence model at a highly anticipated product event. The cybersecurity firm also unveiled a new artificial intelligence model after months of testing.,Technology
The software company launched the latest smartphone aimed at improving user privacy. The cybersecurity firm also unveiled a new artificial intelligence model raising questions about AI safety.,Technology
The opposition party held emergency talks with allies in a closely watched parliamentary session. The governor also announced a new foreign policy initiative in a widely televised address.,Politics
The national squad clinched the championship title in what was called a historic night. The national squad also clinched the championship title setting up a thrilling rematch.,Sports
The AI lab rolled out a major app update drawing criticism from privacy advocates. The cybersecurity firm also warned users about a large-scale data breach aimed at improving user privacy.,Technology
The cybersecurity firm launched the latest smartphone in a bid to compete with rivals. The chipmaker also acquired a promising startup boosting the company's market share.,Technology
The startup cut jobs amid falling revenue after a period of slow growth. The manufacturer also cut jobs amid falling revenue after a period of slow growth.,Business
The boxing federation faced a doping investigation following months of intense training. The Olympic committee also signed a record-breaking contract setting up a thrilling rematch.,Sports
The actor released a highly anticipated album drawing mixed reviews from critics. The television network also postponed the premiere indefinitely ahead of the holiday season.,Entertainment
The election commission announced a new foreign policy initiative drawing criticism from opposition leaders. The prime minister also approved a controversial spending plan ahead of the upcoming election.,Politics
The startup founder unveiled a new artificial intelligence model that could reshape the industry. The AI lab also faced backlash over a data privacy issue raising questions about AI safety.,Technology
The marathon runner qualified for the world finals sparking celebrations among fans. The boxing federation also faced a doping investigation after a dramatic penalty shootout.,Sports
The national squad suffered a shock defeat following months of intense training. The basketball coach also signed a record-breaking contract in the final minutes of the game.,Sports
The election commission launched an investigation into corruption allegations sparking protests across the country. The prime minister also criticized the budget proposal amid growing public pressure.,Politics
The airline launched an initial public offering as inflation concerns grow. Investors also reported record quarterly profits as inflation concerns grow.,Business
The manufacturer reported record quarterly profits after a period of slow growth. The manufacturer also secured a multi-million dollar investment boosting investor confidence.,Business
The airline posted a sharp decline in earnings citing supply chain disruptions. The retailer also announced a merger deal in a move welcomed by analysts.,Business
The actor topped the music charts to the delight of fans worldwide. The actor also signed a lucrative streaming deal in a star-studded ceremony.,Entertainment
The chipmaker patched a critical security vulnerability that could reshape the industry. The social media platform also rolled out a major app update after months of testing.,Technology
The chipmaker released an open-source software update drawing criticism from privacy advocates. The chipmaker also released an open-source software update raising questions about AI safety.,Technology
The software company launched the latest smartphone as demand for cloud services grows. The social media platform also patched a critical security vulnerability with faster processing speeds.,Technology
The president faced a vote of no confidence drawing criticism from opposition leaders. The election commission also announced a new foreign policy initiative drawing criticism from opposition leaders.,Politics
The national squad clinched the championship title in front of a sold-out crowd. The cricket board also clinched the championship title ahead of next season.,Sports
The startup signed a major trade agreement despite ongoing economic uncertainty. The company also secured a multi-million dollar investment boosting investor confidence.,Business
The airline launched an initial public offering citing supply chain disruptions. The bank also raised prices on key products citing supply chain disruptions.,Business
The film director broke box office records drawing mixed reviews from critics. The television network also revealed the cast for the upcoming sequel in a star-studded ceremony.,Entertainment
The star striker appointed a new head coach sparking celebrations among fans. The football team also broke a long-standing world record ahead of next season.,Sports
The startup founder developed a breakthrough battery technology at a highly anticipated product event. Engineers also acquired a promising startup at a highly anticipated product event.,Technology
The film director won the top award of the night in its opening weekend. The award show also signed a lucrative streaming deal ahead of the holiday season.,Entertainment
The boxing federation suffered a shock defeat in front of a sold-out crowd. The Olympic committee also signed a record-breaking contract setting up a thrilling rematch.,Sports
The tennis champion broke a long-standing world record after a dramatic penalty shootout. The hockey league also signed a record-breaking contract in front of a sold-out crowd.,Sports
Lawmakers called for early elections amid growing public pressure. The opposition party also announced a new foreign policy initiative in an effort to restore public trust.,Politics
The manufacturer reported record quarterly profits despite ongoing economic uncertainty. The stock market also raised prices on key products citing supply chain disruptions.,Business
Lawmakers proposed sweeping tax reforms after weeks of negotiations. The governor also held emergency talks with allies in a widely televised address.,Politics
The CEO filed for bankruptcy protection in a move welcomed by analysts. The retailer also posted a sharp decline in earnings despite ongoing economic uncertainty.,Business
The hockey league won the season opener in overtime ahead of next season. The Olympic committee also postponed the match due to weather in what was called a historic night.,Sports
The actor faced backlash over a controversial scene to the delight of fans worldwide. The celebrity couple also won the top award of the night drawing mixed reviews from critics.,Entertainment
Lawmakers faced a vote of no confidence as tensions rise over the reforms. The governor also called for early elections in a widely televised address.,Politics
Shareholders posted a sharp decline in earnings boosting investor confidence. Shareholders also signed a major trade agreement as inflation concerns grow.,Business
The airline launched an initial public offering as consumer demand shifts. The stock market also filed for bankruptcy protection amid rising interest rates.,Business
The manufacturer posted a sharp decline in earnings despite ongoing economic uncertainty. The retailer also unveiled a new expansion plan as inflation concerns grow.,Business
The company announced a merger deal after a period of slow growth. The retailer also launched an initial public offering boosting investor confidence.,Business
The marathon runner appointed a new head coach ahead of next season. The football team also announced the retirement of a star player in what was called a historic night.,Sports
The social media platform developed a breakthrough battery technology at a highly anticipated product event. Researchers also developed a breakthrough battery technology boosting the company's market share.,Technology
The Hollywood studio postponed the premiere indefinitely drawing mixed reviews from critics. The Hollywood studio also won the top award of the night in a star-studded ceremony.,Entertainment
The cricket board clinched the championship title following months of intense training. The national squad also clinched the championship title following months of intense training.,Sports
The actor released a highly anticipated album ahead of the holiday season. The actor also confirmed a surprise reunion tour drawing mixed reviews from critics.,Entertainment
The finance minister signed a new bill into law amid growing public pressure. The president also faced a vote of no confidence amid growing public pressure.,Politics
The manufacturer cut jobs amid falling revenue in a move welcomed by analysts. The CEO also raised prices on key products following a volatile trading week.,Business
The basketball coach won the season opener in overtime in the final minutes of the game. The Olympic committee also faced a doping investigation in a stunning comeback performance.,Sports
The software company announced layoffs in its engineering division in a bid to compete with rivals. The tech giant also developed a breakthrough battery technology drawing criticism from privacy advocates.,Technology
The software company announced layoffs in its engineering division that could reshape the industry. The AI lab also unveiled a new artificial intelligence model boosting the company's market share.,Technology
The AI lab rolled out a major app update in a bid to compete with rivals. The smartphone maker also developed a breakthrough battery technology drawing criticism from privacy advocates.,Technology
The basketball coach suffered a shock defeat despite a string of injuries. The tennis champion also announced the retirement of a star player setting up a thrilling rematch.,Sports
The music festival faced backlash over a controversial scene ahead of the holiday season. The pop star also signed a lucrative streaming deal in a star-studded ceremony.,Entertainment
The hockey league faced a doping investigation sparking celebrations among fans. The Olympic committee also appointed a new head coach after a dramatic penalty shootout.,Sports
The basketball coach won the season opener in overtime despite a string of injuries. The basketball coach also broke a long-standing world record after a dramatic penalty shootout.,Sports
The prime minister called for early elections in a closely watched parliamentary session. Lawmakers also held emergency talks with allies sparking protests across the country.,Politics
The marathon runner postponed the match due to weather in what was called a historic night. The national squad also clinched the championship title sparking celebrations among fans.,Sports
The comedian confirmed a surprise reunion tour in a star-studded ceremony. The celebrity couple also broke box office records following a lengthy production delay.,Entertainment
The retailer reported record quarterly profits boosting investor confidence. The startup also raised prices on key products amid rising interest rates.,Business
Investors filed for bankruptcy protection amid rising interest rates. The manufacturer also cut jobs amid falling revenue despite ongoing economic uncertainty.,Business
The chipmaker released an open-source software update drawing criticism from privacy advocates. The startup founder also unveiled a new artificial intelligence model after months of testing.,Technology
Investors reported record quarterly profits ahead of the fiscal year-end report. Investors also cut jobs amid falling revenue ahead of the fiscal year-end report.,Business
The prime minister announced a new foreign policy initiative as tensions rise over the reforms. The mayor also approved a controversial spending plan drawing criticism from opposition leaders.,Politics
The actor topped the music charts following a lengthy production delay. The music festival also topped the music charts marking a major career milestone.,Entertainment
Investors raised prices on key products following a volatile trading week. The company also reported record quarterly profits after a period of slow growth.,Business
The award show confirmed a surprise reunion tour sparking a wave of social media reactions. The comedian also postponed the premiere indefinitely following a lengthy production delay.,Entertainment
The boxing federation clinched the championship title setting up a thrilling rematch. The tennis champion also announced the retirement of a star player in a stunning comeback performance.,Sports
The parliament approved a controversial spending plan as tensions rise over the reforms. The governor also launched an investigation into corruption allegations as tensions rise over the reforms.,Politics
The election commission faced a vote of no confidence following months of political deadlock. The president also held emergency talks with allies following months of political deadlock.,Politics
The marathon runner postponed the match due to weather ahead of next season. The marathon runner also announced the retirement of a star player in the final minutes of the game.,Sports
The pop star broke box office records drawing mixed reviews from critics. The comedian also postponed the premiere indefinitely to the delight of fans worldwide.,Entertainment
Lawmakers criticized the budget proposal ahead of the upcoming election. The senate also criticized the budget proposal after weeks of negotiations.,Politics
The airline reported record quarterly profits following a volatile trading week. The manufacturer also cut jobs amid falling revenue ahead of the fiscal year-end report.,Business
The opposition party called for early elections in an effort to restore public trust. Lawmakers also announced a new foreign policy initiative following months of political deadlock.,Politics
The Hollywood studio announced a new blockbuster film amid rumors of a spinoff series. The streaming service also won the top award of the night to the delight of fans worldwide.,Entertainment
Researchers acquired a promising startup in a bid to compete with rivals. The AI lab also unveiled a new artificial intelligence model in a bid to compete with rivals.,Technology
The retailer announced a merger deal as inflation concerns grow. The retailer also posted a sharp decline in earnings following a volatile trading week.,Business
The president unveiled a new immigration policy in a widely televised address. The finance minister also held emergency talks with allies ahead of the upcoming election.,Politics
The Olympic committee signed a record-breaking contract in the final minutes of the game. The national squad also signed a record-breaking contract after a dramatic penalty shootout.,Sports
The cricket board qualified for the world finals sparking celebrations among fans. The tennis champion also faced a doping investigation in the final minutes of the game.,Sports
